{
  "model": "PatchTST",
  "model_config": {
    "patch_length": 16,
    "num_hidden_layers": 3,
    "d_model": 128,
    "num_attention_heads": 4
  },
  "training": {
    "train_samples": 9234,
    "eval_samples": 1027,
    "train_ratio": 0.9,
    "epochs": 50,
    "batch_size": 128,
    "learning_rate": 0.001,
    "training_time": 25.44387125968933,
    "final_train_loss": 8.664700804490309,
    "used_saved_model": false
  },
  "metrics": {
    "mse": 5.062044002652012,
    "mae": 1.7948126602503989,
    "rmse": 2.24989866497405,
    "mape": 15.839957089712668,
    "inference_time": 0.0029485225677490234,
    "inference_time_per_sample": 0.000982840855916341
  },
  "num_test_samples": 3,
  "context_length": 96,
  "prediction_length": 96,
  "dataset": "ETTh1",
  "target_column": "OT"
}