{
  "model": "TimesFM",
  "model_version": "google/timesfm-2.0-500m-pytorch",
  "metrics": {
    "mse": 14.936177908641705,
    "mae": 3.1783660877909927,
    "rmse": 3.8647351666888774,
    "mape": 44.540701624445234,
    "inference_time": 0.021991968154907227,
    "inference_time_per_sample": 0.007330656051635742
  },
  "num_samples": 3,
  "context_length": 96,
  "prediction_length": 96,
  "dataset": "ETTh1",
  "target_column": "OT"
}