{
  "model": "TimesFM",
  "model_version": "google/timesfm-1.0-200m-pytorch",
  "metrics": {
    "mse": 5.975178486054877,
    "mae": 1.8634406357175775,
    "rmse": 2.44441782149756,
    "mape": 27.33756942462441,
    "inference_time": 0.01058506965637207,
    "inference_time_per_sample": 0.0035283565521240234
  },
  "num_samples": 3,
  "context_length": 96,
  "prediction_length": 96,
  "dataset": "ETTh1",
  "target_column": "OT"
}