{
  "model": "Chronos",
  "model_version": "amazon/chronos-t5-large",
  "metrics": {
    "mse": 7.902270988144413,
    "mae": 2.1308885365724564,
    "rmse": 2.8110978261427353,
    "mape": 31.91689966125284,
    "inference_time": 1.8857910633087158,
    "inference_time_per_sample": 0.6285970211029053
  },
  "num_samples": 3,
  "context_length": 96,
  "prediction_length": 96,
  "dataset": "ETTh1",
  "target_column": "OT"
}